local_file,direct_url,landing_page,version_label,retrieved,notes,sha256,archive_url,checked
hepco-keitozu-187kv-unknown.pdf,https://www.hepco.co.jp/network/con_service/public_document/pdf/sys_config_results.pdf,https://www.hepco.co.jp/network/con_service/public_document/bid_info.html,页面无日期标注,2026-08-03,187kV以上系統構成実績,93d7080ba36ad504814dcea94ce22eae9f8e51fb21e9c41541553cf44cae2415,https://web.archive.org/web/20250613040546/https://www.hepco.co.jp/network/con_service/public_document/pdf/sys_config_results.pdf,2026-08-06
hepco-keitozu-nishinakagawa-nishinayoro-unknown.pdf,https://www.hepco.co.jp/network/con_service/public_document/pdf/sys_config_results_01.pdf,https://www.hepco.co.jp/network/con_service/public_document/bid_info.html,页面无日期标注,2026-08-03,110kV以下地区系統,4df964f648f244cebfdba93d4cbe314fc68c368d7db0173b957e28748aefee17,https://web.archive.org/web/20260806084132/https://www.hepco.co.jp/network/con_service/public_document/pdf/sys_config_results_01.pdf,2026-08-06
hepco-keitozu-nishiasahikawa-unknown.pdf,https://www.hepco.co.jp/network/con_service/public_document/pdf/sys_config_results_02.pdf,https://www.hepco.co.jp/network/con_service/public_document/bid_info.html,页面无日期标注,2026-08-03,110kV以下地区系統,7c65a4ffb946b4af97618621c8392dedc699c71b52beb8dd61ce942371f69854,https://web.archive.org/web/20260806084147/https://www.hepco.co.jp/network/con_service/public_document/pdf/sys_config_results_02.pdf,2026-08-06
hepco-keitozu-asahikawa-unknown.pdf,https://www.hepco.co.jp/network/con_service/public_document/pdf/sys_config_results_03.pdf,https://www.hepco.co.jp/network/con_service/public_document/bid_info.html,页面无日期标注,2026-08-03,110kV以下地区系統,063bbd8d1c6364c114503bb210f96d22bd5a36da28ee19a9549a3768b9e18cc6,https://web.archive.org/web/20260806084205/https://www.hepco.co.jp/network/con_service/public_document/pdf/sys_config_results_03.pdf,2026-08-06
hepco-keitozu-rubeshibe-unknown.pdf,https://www.hepco.co.jp/network/con_service/public_document/pdf/sys_config_results_04.pdf,https://www.hepco.co.jp/network/con_service/public_document/bid_info.html,页面无日期标注,2026-08-03,110kV以下地区系統,f36019812a6d463f0e85500fd233e438bf28ad96fdf239096a011c491612fe61,https://web.archive.org/web/20260806084218/https://www.hepco.co.jp/network/con_service/public_document/pdf/sys_config_results_04.pdf,2026-08-06
hepco-keitozu-memanbetsu-unknown.pdf,https://www.hepco.co.jp/network/con_service/public_document/pdf/sys_config_results_05.pdf,https://www.hepco.co.jp/network/con_service/public_document/bid_info.html,页面无日期标注,2026-08-03,110kV以下地区系統,f2e7a012530922364e6163ed7414042cd23445e6cc75f5b61b53037ea574f831,https://web.archive.org/web/20260806084233/https://www.hepco.co.jp/network/con_service/public_document/pdf/sys_config_results_05.pdf,2026-08-06
hepco-keitozu-minamikujo-unknown.pdf,https://www.hepco.co.jp/network/con_service/public_document/pdf/sys_config_results_06.pdf,https://www.hepco.co.jp/network/con_service/public_document/bid_info.html,页面无日期标注,2026-08-03,110kV以下地区系統,48d761486b691ea5725100c1f0e59f3a509d831f21cedb637360b3d3aec3d2b9,https://web.archive.org/web/20260806084313/https://www.hepco.co.jp/network/con_service/public_document/pdf/sys_config_results_06.pdf,2026-08-06
hepco-keitozu-nishisapporo-unknown.pdf,https://www.hepco.co.jp/network/con_service/public_document/pdf/sys_config_results_07.pdf,https://www.hepco.co.jp/network/con_service/public_document/bid_info.html,页面无日期标注,2026-08-03,110kV以下地区系統,eed30a622ce14e33e13cffeae0066951858f80605bac572a8ac1072085d33a2a,https://web.archive.org/web/20260806084329/https://www.hepco.co.jp/network/con_service/public_document/pdf/sys_config_results_07.pdf,2026-08-06
hepco-keitozu-naebo-unknown.pdf,https://www.hepco.co.jp/network/con_service/public_document/pdf/sys_config_results_08.pdf,https://www.hepco.co.jp/network/con_service/public_document/bid_info.html,页面无日期标注,2026-08-03,110kV以下地区系統,d4905877ef1ca8f24799c25e21962978b4f5e38055be9ff3e264773b7c19d260,https://web.archive.org/web/20260806084344/https://www.hepco.co.jp/network/con_service/public_document/pdf/sys_config_results_08.pdf,2026-08-06
hepco-keitozu-shinoro-unknown.pdf,https://www.hepco.co.jp/network/con_service/public_document/pdf/sys_config_results_09.pdf,https://www.hepco.co.jp/network/con_service/public_document/bid_info.html,页面无日期标注,2026-08-03,110kV以下地区系統,67f7db9aa052bc2616569e3bfe4701aed2118c279036d713f11cd34aab69bf02,https://web.archive.org/web/20260806084408/https://www.hepco.co.jp/network/con_service/public_document/pdf/sys_config_results_09.pdf,2026-08-06
hepco-keitozu-minamisapporo-unknown.pdf,https://www.hepco.co.jp/network/con_service/public_document/pdf/sys_config_results_10.pdf,https://www.hepco.co.jp/network/con_service/public_document/bid_info.html,页面无日期标注,2026-08-03,110kV以下地区系統,6208577681a667ef8ce6510f7e3b6a0fa92a0182a9e38e3d41bfcf065032a8ce,https://web.archive.org/web/20250613042033/https://www.hepco.co.jp/network/con_service/public_document/pdf/sys_config_results_10.pdf,2026-08-06
hepco-keitozu-eniwa-unknown.pdf,https://www.hepco.co.jp/network/con_service/public_document/pdf/sys_config_results_11.pdf,https://www.hepco.co.jp/network/con_service/public_document/bid_info.html,页面无日期标注,2026-08-03,110kV以下地区系統,526a740f3e3777b975a011b557218080267c153202b826b77d37302555493720,https://web.archive.org/web/20260806084444/https://www.hepco.co.jp/network/con_service/public_document/pdf/sys_config_results_11.pdf,2026-08-06
hepco-keitozu-nishiotaru-unknown.pdf,https://www.hepco.co.jp/network/con_service/public_document/pdf/sys_config_results_12.pdf,https://www.hepco.co.jp/network/con_service/public_document/bid_info.html,页面无日期标注,2026-08-03,110kV以下地区系統,aeb472cc156b5746b29e889ac8ae77997d9a892c8e2d5279172c89c8d177104c,https://web.archive.org/web/20260806084504/https://www.hepco.co.jp/network/con_service/public_document/pdf/sys_config_results_12.pdf,2026-08-06
hepco-keitozu-kitaebetsu-unknown.pdf,https://www.hepco.co.jp/network/con_service/public_document/pdf/sys_config_results_13.pdf,https://www.hepco.co.jp/network/con_service/public_document/bid_info.html,页面无日期标注,2026-08-03,110kV以下地区系統,6507106dd31019dfd08e6b129de287af7643dd4ea80a75313968fdeb9e8fb635,https://web.archive.org/web/20260806084518/https://www.hepco.co.jp/network/con_service/public_document/pdf/sys_config_results_13.pdf,2026-08-06
hepco-keitozu-nishitakikawa-unknown.pdf,https://www.hepco.co.jp/network/con_service/public_document/pdf/sys_config_results_14.pdf,https://www.hepco.co.jp/network/con_service/public_document/bid_info.html,页面无日期标注,2026-08-03,110kV以下地区系統,70c8f81476ae2c9506920953b560b33a555bb67d45bd47a2367c2369352a83dc,https://web.archive.org/web/20260806084533/https://www.hepco.co.jp/network/con_service/public_document/pdf/sys_config_results_14.pdf,2026-08-06
hepco-keitozu-uenbetsu-unknown.pdf,https://www.hepco.co.jp/network/con_service/public_document/pdf/sys_config_results_15.pdf,https://www.hepco.co.jp/network/con_service/public_document/bid_info.html,页面无日期标注,2026-08-03,110kV以下地区系統;地名罗马字为近似转写,9015d4f4aacc1ac66030aff8fc08e055ef287b0ed92006608feaf256717469b0,https://web.archive.org/web/20260806084614/https://www.hepco.co.jp/network/con_service/public_document/pdf/sys_config_results_15.pdf,2026-08-06
hepco-keitozu-higashikushiro-unknown.pdf,https://www.hepco.co.jp/network/con_service/public_document/pdf/sys_config_results_16.pdf,https://www.hepco.co.jp/network/con_service/public_document/bid_info.html,页面无日期标注,2026-08-03,110kV以下地区系統,bf01586d00e6400900d3eb43e0f9e4077e04db98c7fa0ef98ac7ceb4ed9b6cd3,https://web.archive.org/web/20260806084629/https://www.hepco.co.jp/network/con_service/public_document/pdf/sys_config_results_16.pdf,2026-08-06
hepco-keitozu-nishishunbetsu-unknown.pdf,https://www.hepco.co.jp/network/con_service/public_document/pdf/sys_config_results_17.pdf,https://www.hepco.co.jp/network/con_service/public_document/bid_info.html,页面无日期标注,2026-08-03,110kV以下地区系統,07051bc74963391394471d5b4702fe810cab2374233ddf9f2b7263f9d88a8c40,https://web.archive.org/web/20260806084645/https://www.hepco.co.jp/network/con_service/public_document/pdf/sys_config_results_17.pdf,2026-08-06
hepco-keitozu-kitamemuro-nishiotofuke-unknown.pdf,https://www.hepco.co.jp/network/con_service/public_document/pdf/sys_config_results_18.pdf,https://www.hepco.co.jp/network/con_service/public_document/bid_info.html,页面无日期标注,2026-08-03,110kV以下地区系統,3ef477d0e446ef256c126270d3c234cd83984fb3eca74114ded53a18b5d543e1,https://web.archive.org/web/20260806084708/https://www.hepco.co.jp/network/con_service/public_document/pdf/sys_config_results_18.pdf,2026-08-06
hepco-keitozu-nishidate-unknown.pdf,https://www.hepco.co.jp/network/con_service/public_document/pdf/sys_config_results_19.pdf,https://www.hepco.co.jp/network/con_service/public_document/bid_info.html,页面无日期标注,2026-08-03,110kV以下地区系統,91e5a131bd773c9bc417ee213c41e03639197cfbde6c9f3b7aea1b9ce8c244c2,https://web.archive.org/web/20260806084723/https://www.hepco.co.jp/network/con_service/public_document/pdf/sys_config_results_19.pdf,2026-08-06
hepco-keitozu-muroran-unknown.pdf,https://www.hepco.co.jp/network/con_service/public_document/pdf/sys_config_results_20.pdf,https://www.hepco.co.jp/network/con_service/public_document/bid_info.html,页面无日期标注,2026-08-03,110kV以下地区系統,aabfd4189b9c98f6222ece1f4dd84aedee4bd23d465d2116db5530285b0413ff,https://web.archive.org/web/20260806084738/https://www.hepco.co.jp/network/con_service/public_document/pdf/sys_config_results_20.pdf,2026-08-06
hepco-keitozu-tomakomai-unknown.pdf,https://www.hepco.co.jp/network/con_service/public_document/pdf/sys_config_results_21.pdf,https://www.hepco.co.jp/network/con_service/public_document/bid_info.html,页面无日期标注,2026-08-03,110kV以下地区系統,d207f2a739cff9cae82306aa796ed74dc6b87d9b3056c07b09785ec5fe72fcce,https://web.archive.org/web/20260806084804/https://www.hepco.co.jp/network/con_service/public_document/pdf/sys_config_results_21.pdf,2026-08-06
hepco-keitozu-minamihayakita-higashitomakomai-unknown.pdf,https://www.hepco.co.jp/network/con_service/public_document/pdf/sys_config_results_22.pdf,https://www.hepco.co.jp/network/con_service/public_document/bid_info.html,页面无日期标注,2026-08-03,110kV以下地区系統,df5aea07c13152793cd7db005b69a8627efaaeded7b76a366e56e9dd5694e662,https://web.archive.org/web/20260806084831/https://www.hepco.co.jp/network/con_service/public_document/pdf/sys_config_results_22.pdf,2026-08-06
hepco-keitozu-kitashizunai-unknown.pdf,https://www.hepco.co.jp/network/con_service/public_document/pdf/sys_config_results_23.pdf,https://www.hepco.co.jp/network/con_service/public_document/bid_info.html,页面无日期标注,2026-08-03,110kV以下地区系統,000c391ab3ff2a6f4ef60354ee041315f361f9662a42991461a7fb6e764efd1e,https://web.archive.org/web/20260806084846/https://www.hepco.co.jp/network/con_service/public_document/pdf/sys_config_results_23.pdf,2026-08-06
hepco-keitozu-kitananae-ono-unknown.pdf,https://www.hepco.co.jp/network/con_service/public_document/pdf/sys_config_results_24.pdf,https://www.hepco.co.jp/network/con_service/public_document/bid_info.html,页面无日期标注,2026-08-03,110kV以下地区系統,f37f977d489922dea889623b4d5a05787d215c7f93184f9d9c612cfdc4cc0982,https://web.archive.org/web/20260806084901/https://www.hepco.co.jp/network/con_service/public_document/pdf/sys_config_results_24.pdf,2026-08-06
tohoku-keitozu-kikan-202402.pdf,https://nw.tohoku-epco.co.jp/consignment/system/demand/pdf/jisseki_kikan01_map_2024_02.pdf,https://nw.tohoku-epco.co.jp/consignment/system/demand/,文件名后缀_2024_02;查新版用HEAD探测下一年后缀,2026-08-03,500/275/154kV基幹,e0bd6bd7d7a717551c768da68427902f3bcdbab6dc0eb97cc42660ef16e8bd7d,https://web.archive.org/web/20251017083234/https://nw.tohoku-epco.co.jp/consignment/system/demand/pdf/jisseki_kikan01_map_2024_02.pdf,2026-08-06
tohoku-keitozu-aomori-202402.pdf,https://nw.tohoku-epco.co.jp/consignment/system/demand/pdf/jisseki_local01_map_2024_02.pdf,https://nw.tohoku-epco.co.jp/consignment/system/demand/,文件名后缀_2024_02,2026-08-03,66kV以下県級,52d5d73b64bfc91f443a7bd5b341c93f7c30344b0f42f1610bd8220804d3b038,https://web.archive.org/web/20260806084940/https://nw.tohoku-epco.co.jp/consignment/system/demand/pdf/jisseki_local01_map_2024_02.pdf,2026-08-06
tohoku-keitozu-iwate-202402.pdf,https://nw.tohoku-epco.co.jp/consignment/system/demand/pdf/jisseki_local02_map_2024_02.pdf,https://nw.tohoku-epco.co.jp/consignment/system/demand/,文件名后缀_2024_02,2026-08-03,66kV以下県級,5c509ccf2b1f79cb05eb32a5eb200bf2c81f08485de4cfa63f489204ce01f386,https://web.archive.org/web/20260806085004/https://nw.tohoku-epco.co.jp/consignment/system/demand/pdf/jisseki_local02_map_2024_02.pdf,2026-08-06
tohoku-keitozu-akita-202402.pdf,https://nw.tohoku-epco.co.jp/consignment/system/demand/pdf/jisseki_local03_map_2024_02.pdf,https://nw.tohoku-epco.co.jp/consignment/system/demand/,文件名后缀_2024_02,2026-08-03,66kV以下県級,d4a4d6a14c2ceec63c8e0929586cd9f0ea0b8075c316fa8d163a853fb7a19cb2,https://web.archive.org/web/20260806085018/https://nw.tohoku-epco.co.jp/consignment/system/demand/pdf/jisseki_local03_map_2024_02.pdf,2026-08-06
tohoku-keitozu-miyagi-202402.pdf,https://nw.tohoku-epco.co.jp/consignment/system/demand/pdf/jisseki_local04_map_2024_02.pdf,https://nw.tohoku-epco.co.jp/consignment/system/demand/,文件名后缀_2024_02,2026-08-03,66kV以下県級,e17b03b4864382805abab89bbe443e1737ab8747d2a54640caa40be363342cb5,https://web.archive.org/web/20260806085033/https://nw.tohoku-epco.co.jp/consignment/system/demand/pdf/jisseki_local04_map_2024_02.pdf,2026-08-06
tohoku-keitozu-yamagata-202402.pdf,https://nw.tohoku-epco.co.jp/consignment/system/demand/pdf/jisseki_local05_map_2024_02.pdf,https://nw.tohoku-epco.co.jp/consignment/system/demand/,文件名后缀_2024_02,2026-08-03,66kV以下県級,14e6979b16aeb3a6f9dd21bd70a84f07f9ba1c244ac3d4a73b319b850a5540e1,https://web.archive.org/web/20251017082003/https://nw.tohoku-epco.co.jp/consignment/system/demand/pdf/jisseki_local05_map_2024_02.pdf,2026-08-06
tohoku-keitozu-fukushima-202402.pdf,https://nw.tohoku-epco.co.jp/consignment/system/demand/pdf/jisseki_local06_map_2024_02.pdf,https://nw.tohoku-epco.co.jp/consignment/system/demand/,文件名后缀_2024_02,2026-08-03,66kV以下県級,88542436d8899eb8f007e8d7e239afbe5fa86cfa3408b416f469703c3bfc756d,https://web.archive.org/web/20260806085132/https://nw.tohoku-epco.co.jp/consignment/system/demand/pdf/jisseki_local06_map_2024_02.pdf,2026-08-06
tohoku-keitozu-niigata-202402.pdf,https://nw.tohoku-epco.co.jp/consignment/system/demand/pdf/jisseki_local07_map_2024_02.pdf,https://nw.tohoku-epco.co.jp/consignment/system/demand/,文件名后缀_2024_02,2026-08-03,66kV以下県級,2f9e28a8055857b9f147f5637eea51946f2df51efb2b5129f6c71a0edd426560,https://web.archive.org/web/20260806085151/https://nw.tohoku-epco.co.jp/consignment/system/demand/pdf/jisseki_local07_map_2024_02.pdf,2026-08-06
tepco-keitozu-kikan275kv-fy2024.pdf,https://www.tepco.co.jp/pg/consignment/system/pdf/jisseki_kikan.pdf?251028,https://www.tepco.co.jp/pg/consignment/system/,链接文字「2024年度_実績系統図」;查询串非版本,2026-08-03,275kV以上基幹;抓取需UA头,02108788567e43daf4f55696aa2d9e80f293f7e9402c34c1ca1560d4266ec6fe,http://web.archive.org/web/20260413144431/https://www4.tepco.co.jp/pg/consignment/system/pdf/jisseki_kikan.pdf?251028,2026-08-06
tepco-keitozu-154kv-fy2024.pdf,https://www.tepco.co.jp/pg/consignment/system/pdf/jisseki_154kV.pdf?251028,https://www.tepco.co.jp/pg/consignment/system/,链接文字「2024年度_実績系統図」,2026-08-03,154kV地方供給;抓取需UA头,2991211986992af80cedb460ff72d4513a58995741711a450b092bd1d47814a1,http://web.archive.org/web/20260413140018/https://www4.tepco.co.jp/pg/consignment/system/pdf/jisseki_154kV.pdf?251028,2026-08-06
tepco-keitozu-tochigi-fy2024.pdf,https://www.tepco.co.jp/pg/consignment/system/pdf/jisseki_tochigi.pdf?251028,https://www.tepco.co.jp/pg/consignment/system/,链接文字「2024年度_実績系統図」,2026-08-03,66kV都県級,4f1935a9d102f67ff35b80aa9d73b1aa861cb72a8134835d5e209e69dabd2ebb,http://web.archive.org/web/20260413150101/https://www4.tepco.co.jp/pg/consignment/system/pdf/jisseki_tochigi.pdf?251028,2026-08-06
tepco-keitozu-gunma-fy2024.pdf,https://www.tepco.co.jp/pg/consignment/system/pdf/jisseki_gunma.pdf?251028,https://www.tepco.co.jp/pg/consignment/system/,链接文字「2024年度_実績系統図」,2026-08-03,66kV都県級,66b7074d41bf67dae52a19f75d991694390f622f62f7fa1cac49955d41e7a900,http://web.archive.org/web/20260413151725/https://www4.tepco.co.jp/pg/consignment/system/pdf/jisseki_gunma.pdf?251028,2026-08-06
tepco-keitozu-ibaraki-fy2024.pdf,https://www.tepco.co.jp/pg/consignment/system/pdf/jisseki_ibaraki.pdf?251028,https://www.tepco.co.jp/pg/consignment/system/,链接文字「2024年度_実績系統図」,2026-08-03,66kV都県級,537fcd59f6ec8233c38096da0caa141db6b7a965f9535dee62c59c0479f6cdee,http://web.archive.org/web/20260413145334/https://www4.tepco.co.jp/pg/consignment/system/pdf/jisseki_ibaraki.pdf?251028,2026-08-06
tepco-keitozu-saitama-fy2024.pdf,https://www.tepco.co.jp/pg/consignment/system/pdf/jisseki_saitama.pdf?251028,https://www.tepco.co.jp/pg/consignment/system/,链接文字「2024年度_実績系統図」,2026-08-03,66kV都県級,1ab2d1420cdac9c83e772f43deee53128297f074107ced3a50aaef1f012619d3,http://web.archive.org/web/20260413152459/https://www4.tepco.co.jp/pg/consignment/system/pdf/jisseki_saitama.pdf?251028,2026-08-06
tepco-keitozu-chiba-fy2024.pdf,https://www.tepco.co.jp/pg/consignment/system/pdf/jisseki_chiba.pdf?251028,https://www.tepco.co.jp/pg/consignment/system/,链接文字「2024年度_実績系統図」,2026-08-03,66kV都県級,77edfd4e652b9de76a51f0d371e1627f806c9db5b66a489da31c09aa379b3be7,http://web.archive.org/web/20260413152938/https://www4.tepco.co.jp/pg/consignment/system/pdf/jisseki_chiba.pdf?251028,2026-08-06
tepco-keitozu-tokyo23ku-fy2024.pdf,https://www.tepco.co.jp/pg/consignment/system/pdf/jisseki_tokyo_23.pdf?251028,https://www.tepco.co.jp/pg/consignment/system/,链接文字「2024年度_実績系統図」,2026-08-03,66kV都県級,2c954d5475cc9a2419452f5d050a9af257dfc5bea47f6fd128bc7fc38ef20816,http://web.archive.org/web/20260413143813/https://www4.tepco.co.jp/pg/consignment/system/pdf/jisseki_tokyo_23.pdf?251028,2026-08-06
tepco-keitozu-tokyotama-fy2024.pdf,https://www.tepco.co.jp/pg/consignment/system/pdf/jisseki_tokyo_tama.pdf?251028,https://www.tepco.co.jp/pg/consignment/system/,链接文字「2024年度_実績系統図」,2026-08-03,66kV都県級,47adb99fa85656ee42c75766884114f9b394a493f405bb05c45072e13ff8ec5e,http://web.archive.org/web/20260413142239/https://www4.tepco.co.jp/pg/consignment/system/pdf/jisseki_tokyo_tama.pdf?251028,2026-08-06
tepco-keitozu-kanagawa-fy2024.pdf,https://www.tepco.co.jp/pg/consignment/system/pdf/jisseki_kanagawa.pdf?251028,https://www.tepco.co.jp/pg/consignment/system/,链接文字「2024年度_実績系統図」,2026-08-03,66kV都県級,a1cf3b36753dd0eeeae02e5db75abfb902250e44e1fc437f0b82abb89edfa362,http://web.archive.org/web/20260413145941/https://www4.tepco.co.jp/pg/consignment/system/pdf/jisseki_kanagawa.pdf?251028,2026-08-06
tepco-keitozu-yamanashi-fy2024.pdf,https://www.tepco.co.jp/pg/consignment/system/pdf/jisseki_yamanasi.pdf?251028,https://www.tepco.co.jp/pg/consignment/system/,链接文字「2024年度_実績系統図」,2026-08-03,66kV都県級;URL拼写yamanasi,c67298e00be62ecbdf695bec4694af5d83c416f115f34faf60a39259bd375921,http://web.archive.org/web/20260413140457/https://www4.tepco.co.jp/pg/consignment/system/pdf/jisseki_yamanasi.pdf?251028,2026-08-06
tepco-keitozu-shizuoka-fy2024.pdf,https://www.tepco.co.jp/pg/consignment/system/pdf/jisseki_shizuoka.pdf?251028,https://www.tepco.co.jp/pg/consignment/system/,链接文字「2024年度_実績系統図」,2026-08-03,66kV都県級,848ef2cf7849278399cb3b9fe78cee1c2ced2bba3b8fed75452c12fd44e73bb6,http://web.archive.org/web/20260413135739/https://www4.tepco.co.jp/pg/consignment/system/pdf/jisseki_shizuoka.pdf?251028,2026-08-06
tepco-keitozu-fukushima-fy2024.pdf,https://www.tepco.co.jp/pg/consignment/system/pdf/jisseki_fukushima.pdf?251028,https://www.tepco.co.jp/pg/consignment/system/,链接文字「2024年度_実績系統図」,2026-08-03,66kV;官方标注[一部]仅部分区域,052f61fcb4c4cc7b4478407b7cb60a63511c984c898fd2b0d528ea16ef082435,http://web.archive.org/web/20260413142430/https://www4.tepco.co.jp/pg/consignment/system/pdf/jisseki_fukushima.pdf?251028,2026-08-06
tepco-keitozu-nagano-fy2024.pdf,https://www.tepco.co.jp/pg/consignment/system/pdf/jisseki_nagano.pdf?251028,https://www.tepco.co.jp/pg/consignment/system/,链接文字「2024年度_実績系統図」,2026-08-03,66kV;官方标注[一部]仅部分区域,01451e1d2667eb2121b365e0adc684972ff6575809d011f2c876e8e3c09f3a50,https://web.archive.org/web/20260413144038/https://www4.tepco.co.jp/pg/consignment/system/pdf/jisseki_nagano.pdf?251028,2026-08-06
tepco-keitozu-niigata-fy2024.pdf,https://www.tepco.co.jp/pg/consignment/system/pdf/jisseki_niigata.pdf?251028,https://www.tepco.co.jp/pg/consignment/system/,链接文字「2024年度_実績系統図」,2026-08-03,66kV;官方标注[一部]仅部分区域,2a6eca2ffb771931a0cfe3f9a500a91c88d178cf0d83cd7b265634dfa0a06507,http://web.archive.org/web/20260413143247/https://www4.tepco.co.jp/pg/consignment/system/pdf/jisseki_niigata.pdf?251028,2026-08-06
chuden-keitozu-tougou-unknown.pdf,https://powergrid.chuden.co.jp/resource/goannai/hatsuden_kouri/takuso_kyokyu/rule/rule_63.pdf,https://powergrid.chuden.co.jp/goannai/hatsuden_kouri/takuso_kyokyu/rule/index.html,「系統構成・予想潮流」小节综合版;无年度标注,2026-08-03,综合系統構成図;⚠️2026-08-04にURLが/resource/配下へ移動（旧URLは404）,d87c9c588ffcc7e61be1a5bdc54b4533d5317f4c1439d435bcdb4c35cd098247,https://web.archive.org/web/20260806093227/https://powergrid.chuden.co.jp/resource/goannai/hatsuden_kouri/takuso_kyokyu/rule/rule_63.pdf,2026-08-06
chuden-keitozu-kikan-202504.pdf,https://powergrid.chuden.co.jp/resource/goannai/hatsuden_kouri/takuso_kyokyu/rule/rule_87.pdf,https://powergrid.chuden.co.jp/goannai/hatsuden_kouri/takuso_kyokyu/rule/index.html,页面年度列表「2025年度（基幹系統）」,2026-08-03,基幹系統;⚠️2026-08-04にURLが/resource/配下へ移動（旧URLは404）,7bc002fe813a682e905c7224dfdc21a7da913df15942ef06999ffe9431f740d1,https://web.archive.org/web/20260806093248/https://powergrid.chuden.co.jp/resource/goannai/hatsuden_kouri/takuso_kyokyu/rule/rule_87.pdf,2026-08-06
chuden-keitozu-local-202504.pdf,https://powergrid.chuden.co.jp/resource/goannai/hatsuden_kouri/takuso_kyokyu/rule/rule_90.pdf,https://powergrid.chuden.co.jp/goannai/hatsuden_kouri/takuso_kyokyu/rule/index.html,页面年度列表「2025年度（ローカル系統）」,2026-08-03,ローカル系統;⚠️2026-08-04にURLが/resource/配下へ移動（旧URLは404）,3d5ffc9bb94654c7e0f3dcef21af080795d328794a00a40ea2062d0b1ec9ea40,https://web.archive.org/web/20260806093307/https://powergrid.chuden.co.jp/resource/goannai/hatsuden_kouri/takuso_kyokyu/rule/rule_90.pdf,2026-08-06
rikuden-keitozu-kikan154kVijou-unknown.pdf,https://www.rikuden.co.jp/nw_notification/attach/keitou_kikan01_yosou_05.pdf,https://www.rikuden.co.jp/nw_notification/U_154seiyaku.html,文件名版本号_05;无年月标注,2026-08-03,予想版154kV以上,1f1e106b1b2e84915456e18f2e968ac2e291a3f11012d4c7ce90bcd01b0803c0,https://web.archive.org/web/20260806093327/https://www.rikuden.co.jp/nw_notification/attach/keitou_kikan01_yosou_05.pdf,2026-08-06
rikuden-keitozu-toyama-unknown.pdf,https://www.rikuden.co.jp/nw_notification/attach/keitou_local02_yosou_05.pdf,https://www.rikuden.co.jp/nw_notification/U_154seiyaku.html,文件名版本号_05,2026-08-03,予想版富山県,bd8cedff77664b07aa08e4fa8ecb98b55bc60e258f044060b795a1ea5ea6e4d4,https://web.archive.org/web/20260806093347/https://www.rikuden.co.jp/nw_notification/attach/keitou_local02_yosou_05.pdf,2026-08-06
rikuden-keitozu-ishikawa-unknown.pdf,https://www.rikuden.co.jp/nw_notification/attach/keitou_local03_yosou_05.pdf,https://www.rikuden.co.jp/nw_notification/U_154seiyaku.html,文件名版本号_05,2026-08-03,予想版石川県,4b88c8f5fb3a6835b9e736d0bf278af2436aafc9246eb4591a5acab09d1823e1,https://web.archive.org/web/20260806093407/https://www.rikuden.co.jp/nw_notification/attach/keitou_local03_yosou_05.pdf,2026-08-06
rikuden-keitozu-fukui-unknown.pdf,https://www.rikuden.co.jp/nw_notification/attach/keitou_local04_yosou_05.pdf,https://www.rikuden.co.jp/nw_notification/U_154seiyaku.html,文件名版本号_05,2026-08-03,予想版福井県,1498066fc8d3f7c1f3bf4be792d1653a8cb9ba1cb9eb06fee559e0e77f09a608,https://web.archive.org/web/20260806093428/https://www.rikuden.co.jp/nw_notification/attach/keitou_local04_yosou_05.pdf,2026-08-06
rikuden-keitozu-jisseki-kikan275kVijou-unknown.pdf,https://www.rikuden.co.jp/nw_notification/attach/keitou_kikan01_jisseki_05.pdf,https://www.rikuden.co.jp/nw_notification/U_154seiyaku.html,文件名版本号_05;PDF内创建戳2025-05-20,2026-08-03,実績版基幹;42.9KB略小已确认为真PDF,eaf11bd8a0a76d33cd04ad42be339e21ec3493aff55018f02dd8f74a931dbd13,https://web.archive.org/web/20260806093448/https://www.rikuden.co.jp/nw_notification/attach/keitou_kikan01_jisseki_05.pdf,2026-08-06
rikuden-keitozu-jisseki-154kV-unknown.pdf,https://www.rikuden.co.jp/nw_notification/attach/keitou_local01_jisseki_05.pdf,https://www.rikuden.co.jp/nw_notification/U_154seiyaku.html,文件名版本号_05,2026-08-03,実績版154kV,2ed84df45dfec6071037a32c32a2e6a362e947ec311fd7851e019412c7d25033,https://web.archive.org/web/20260806093512/https://www.rikuden.co.jp/nw_notification/attach/keitou_local01_jisseki_05.pdf,2026-08-06
rikuden-keitozu-jisseki-toyama-unknown.pdf,https://www.rikuden.co.jp/nw_notification/attach/keitou_local02_jisseki_05.pdf,https://www.rikuden.co.jp/nw_notification/U_154seiyaku.html,文件名版本号_05,2026-08-03,実績版富山県,7110cd1a5a6b135cc56d4f4a37e6f6f693cfe00a4f71521d9860cbbf7f6a65f8,https://web.archive.org/web/20260806093533/https://www.rikuden.co.jp/nw_notification/attach/keitou_local02_jisseki_05.pdf,2026-08-06
rikuden-keitozu-jisseki-ishikawa-unknown.pdf,https://www.rikuden.co.jp/nw_notification/attach/keitou_local03_jisseki_05.pdf,https://www.rikuden.co.jp/nw_notification/U_154seiyaku.html,文件名版本号_05,2026-08-03,実績版石川県,b633a0c9317120a649d737f17781554b2494282dead3523bb2eb55ec82b6ec99,https://web.archive.org/web/20260806093553/https://www.rikuden.co.jp/nw_notification/attach/keitou_local03_jisseki_05.pdf,2026-08-06
rikuden-keitozu-jisseki-fukui-unknown.pdf,https://www.rikuden.co.jp/nw_notification/attach/keitou_local04_jisseki_05.pdf,https://www.rikuden.co.jp/nw_notification/U_154seiyaku.html,文件名版本号_05,2026-08-03,実績版福井県,2fca750cd2a193a9268a674626cd3e435f3b4d1e0f570e565098426049e0e2ff,https://web.archive.org/web/20260806093613/https://www.rikuden.co.jp/nw_notification/attach/keitou_local04_jisseki_05.pdf,2026-08-06
kansai-keitozu-154kVijou-202404.pdf,https://www.kansai-td.co.jp/consignment/disclosure/pdf/01_keitou_2024.pdf,https://www.kansai-td.co.jp/consignment/disclosure/distribution-equipment/index.html,链接上方年度标注「（2024年度）」;图内印2025-04-01時点,2026-08-03,154kV以上;该社未见地区级细分図;全图匿名,35295db0fa2d0bcd74fc75d22ea069a60975c0966de73b1fc427900e513289e3,https://web.archive.org/web/20260806093636/https://www.kansai-td.co.jp/consignment/disclosure/pdf/01_keitou_2024.pdf,2026-08-06
chugoku-keitozu-kikan-202504.pdf,https://www.energia.co.jp/nw/service/retailer/keitou/access/pdf/keitoukousei2025.pdf,https://www.energia.co.jp/nw/service/retailer/keitou/access/,组标题「基幹系統（2025年度）」;页顶更新日2026-04-24,2026-08-03,基幹系統;全图匿名;实为JPEG拼贴,735ec0c03bd804b479fe8d9f6f00b0ce382b0fce101b4f7461f2da03abd5873e,https://web.archive.org/web/20260806093657/https://www.energia.co.jp/nw/service/retailer/keitou/access/pdf/keitoukousei2025.pdf,2026-08-06
chugoku-keitozu-tottori-202504.pdf,https://www.energia.co.jp/nw/service/retailer/keitou/access/pdf/keitoukousei2025_tori.pdf,https://www.energia.co.jp/nw/service/retailer/keitou/access/,组标题「ローカル系統（2025年度）」,2026-08-03,鳥取県,7a77af442cd1e39137de3368dd2d6d63641767ba79f02a931c5701f8af8fc92f,https://web.archive.org/web/20260806093713/https://www.energia.co.jp/nw/service/retailer/keitou/access/pdf/keitoukousei2025_tori.pdf,2026-08-06
chugoku-keitozu-shimane-202504.pdf,https://www.energia.co.jp/nw/service/retailer/keitou/access/pdf/keitoukousei2025_shima.pdf,https://www.energia.co.jp/nw/service/retailer/keitou/access/,组标题「ローカル系統（2025年度）」,2026-08-03,島根県,2c2c7d1ee0c726efb82d6ecc5377fe5d6ddc9880485b4d02274f5dc288e5b01e,https://web.archive.org/web/20260806093734/https://www.energia.co.jp/nw/service/retailer/keitou/access/pdf/keitoukousei2025_shima.pdf,2026-08-06
chugoku-keitozu-okayama-202504.pdf,https://www.energia.co.jp/nw/service/retailer/keitou/access/pdf/keitoukousei2025_oka.pdf,https://www.energia.co.jp/nw/service/retailer/keitou/access/,组标题「ローカル系統（2025年度）」,2026-08-03,岡山県,c8fda5a36a965e0cf54e99cfb4d1f61f39dd6ec2a13a2ea7c6cd747a792471a9,https://web.archive.org/web/20260806093754/https://www.energia.co.jp/nw/service/retailer/keitou/access/pdf/keitoukousei2025_oka.pdf,2026-08-06
chugoku-keitozu-hiroshima-202504.pdf,https://www.energia.co.jp/nw/service/retailer/keitou/access/pdf/keitoukousei2025_hiro.pdf,https://www.energia.co.jp/nw/service/retailer/keitou/access/,组标题「ローカル系統（2025年度）」,2026-08-03,広島県;⑥页混入愛媛岛屿④页混入岡山笠岡,bf1e067424ea922a3d6196f93400c4527a6fcb01f3690e0b9956b25280afa367,https://web.archive.org/web/20260806093811/https://www.energia.co.jp/nw/service/retailer/keitou/access/pdf/keitoukousei2025_hiro.pdf,2026-08-06
chugoku-keitozu-yamaguchi-202504.pdf,https://www.energia.co.jp/nw/service/retailer/keitou/access/pdf/keitoukousei2025_yama.pdf,https://www.energia.co.jp/nw/service/retailer/keitou/access/,组标题「ローカル系統（2025年度）」,2026-08-03,山口県,8865eb9cc8cbdf9838ce7f27a96d8e0361ef0f01cb09acbe50723c1e205f62cd,https://web.archive.org/web/20260806093830/https://www.energia.co.jp/nw/service/retailer/keitou/access/pdf/keitoukousei2025_yama.pdf,2026-08-06
shikoku-keitozu-kikan-202608.pdf,https://www.yonden.co.jp/nw/assets/line_access/data/sys_capa_kikan00_map_202608_08.pdf,https://www.yonden.co.jp/nw/line_access/main/index.html,PDF内文右上「【2026年8月1日更新】」;文件名202608,2026-08-03,187kV以上基幹;含机器可读边表,d333036a9eec92cdc320603ffbc0b94a18816ef478ac3c711dfa8ee8ef3471c5,https://web.archive.org/web/20260806093852/https://www.yonden.co.jp/nw/assets/line_access/data/sys_capa_kikan00_map_202608_08.pdf,2026-08-06
kyushu-renkeimap-index-260730.pdf,https://www.kyuden.co.jp/var/rev0/0890/0606/td_renkeimap_260730.pdf,https://www.kyuden.co.jp/td/service/wheeling/disclosure.html,落地页标注「（2026年7月31日更新）」;文件名日期戳260730,2026-08-03,总览索引図;31地区图链接嵌在本PDF的URI注释内,62f50279c485ba4c6b2ccee1a9e9310024f352923c88bdc246a3e8006c73ce7c,http://web.archive.org/web/20260806093917/https://www.kyuden.co.jp/var/rev0/0890/0606/td_renkeimap_260730.pdf,2026-08-06
kyushu-regional/kyushu-01moji-260730.pdf,https://www.kyuden.co.jp/library/td/pdf/td_service_wheeling_rule-document_disclosure/map/td_01moji_map_260730.pdf,https://www.kyuden.co.jp/td/service/wheeling/disclosure.html,文件名日期戳260730;监控索引PDF文件名变化,2026-08-03,地区送電系統図,a045f57a66a5535f0dadf08e8d236e2dad34b0a17957bc2619731c5e28e6d315,https://web.archive.org/web/20260806093938/https://www.kyuden.co.jp/library/td/pdf/td_service_wheeling_rule-document_disclosure/map/td_01moji_map_260730.pdf,2026-08-06
kyushu-regional/kyushu-02kokura-260730.pdf,https://www.kyuden.co.jp/library/td/pdf/td_service_wheeling_rule-document_disclosure/map/td_02kokura_map_260730.pdf,https://www.kyuden.co.jp/td/service/wheeling/disclosure.html,文件名日期戳260730,2026-08-03,地区送電系統図,302c06d269730b3070f5ad28d1a89074d6054a61d21e2abc78f9b563fae319d6,https://web.archive.org/web/20260806093957/https://www.kyuden.co.jp/library/td/pdf/td_service_wheeling_rule-document_disclosure/map/td_02kokura_map_260730.pdf,2026-08-06
kyushu-regional/kyushu-03wakamatsu-260730.pdf,https://www.kyuden.co.jp/library/td/pdf/td_service_wheeling_rule-document_disclosure/map/td_03wakamatsu_map_260730.pdf,https://www.kyuden.co.jp/td/service/wheeling/disclosure.html,文件名日期戳260730,2026-08-03,地区送電系統図,35c8a1e03a499779956f70f3a69eef0b627c663a209de267be22aaef01319c95,http://web.archive.org/web/20260806094019/https://www.kyuden.co.jp/library/td/pdf/td_service_wheeling_rule-document_disclosure/map/td_03wakamatsu_map_260730.pdf,2026-08-06
kyushu-regional/kyushu-04yahata-260730.pdf,https://www.kyuden.co.jp/library/td/pdf/td_service_wheeling_rule-document_disclosure/map/td_04yahata_map_260730.pdf,https://www.kyuden.co.jp/td/service/wheeling/disclosure.html,文件名日期戳260730,2026-08-03,地区送電系統図,c3af6c76118c8dad2d9bab2b98c264af4e6c1d9a1f71c66c8f8e7b6ba359286a,https://web.archive.org/web/20260806094039/https://www.kyuden.co.jp/library/td/pdf/td_service_wheeling_rule-document_disclosure/map/td_04yahata_map_260730.pdf,2026-08-06
kyushu-regional/kyushu-05koga-260730.pdf,https://www.kyuden.co.jp/library/td/pdf/td_service_wheeling_rule-document_disclosure/map/td_05koga_map_260730.pdf,https://www.kyuden.co.jp/td/service/wheeling/disclosure.html,文件名日期戳260730,2026-08-03,地区送電系統図,3f1800063d1060557fde72a61409c5b8aa20837c59a54d2657d36808c717e980,https://web.archive.org/web/20260806094059/https://www.kyuden.co.jp/library/td/pdf/td_service_wheeling_rule-document_disclosure/map/td_05koga_map_260730.pdf,2026-08-06
kyushu-regional/kyushu-06iizuka-260730.pdf,https://www.kyuden.co.jp/library/td/pdf/td_service_wheeling_rule-document_disclosure/map/td_06iizuka_map_260730.pdf,https://www.kyuden.co.jp/td/service/wheeling/disclosure.html,文件名日期戳260730,2026-08-03,地区送電系統図,71ed275736bad02fe8ce59295c2042c9013504603b989546c04d52ee2fad1978,https://web.archive.org/web/20260806094121/https://www.kyuden.co.jp/library/td/pdf/td_service_wheeling_rule-document_disclosure/map/td_06iizuka_map_260730.pdf,2026-08-06
kyushu-regional/kyushu-07higashi_fukuoka-260730.pdf,https://www.kyuden.co.jp/library/td/pdf/td_service_wheeling_rule-document_disclosure/map/td_07higashi_fukuoka_map_260730.pdf,https://www.kyuden.co.jp/td/service/wheeling/disclosure.html,文件名日期戳260730,2026-08-03,地区送電系統図,919618eef6befab78be4da50bde1b5968d2848f4b7fbba1b9be063b52add0042,https://web.archive.org/web/20260806094141/https://www.kyuden.co.jp/library/td/pdf/td_service_wheeling_rule-document_disclosure/map/td_07higashi_fukuoka_map_260730.pdf,2026-08-06
kyushu-regional/kyushu-08minami_fukuoka-260730.pdf,https://www.kyuden.co.jp/library/td/pdf/td_service_wheeling_rule-document_disclosure/map/td_08minami_fukuoka_map_260730.pdf,https://www.kyuden.co.jp/td/service/wheeling/disclosure.html,文件名日期戳260730,2026-08-03,地区送電系統図,0910f8d1c70fa33fc168e5d2885f9efb7e9e217e1e0c705f775e8b1e311b0b8c,https://web.archive.org/web/20260806094201/https://www.kyuden.co.jp/library/td/pdf/td_service_wheeling_rule-document_disclosure/map/td_08minami_fukuoka_map_260730.pdf,2026-08-06
kyushu-regional/kyushu-09akasaka-260730.pdf,https://www.kyuden.co.jp/library/td/pdf/td_service_wheeling_rule-document_disclosure/map/td_09akasaka_map_260730.pdf,https://www.kyuden.co.jp/td/service/wheeling/disclosure.html,文件名日期戳260730,2026-08-03,地区送電系統図,8f3828bea18953b0f3659276bd64a2749afe23f93f4315c1e2621778d1f6eb4a,https://web.archive.org/web/20260806094221/https://www.kyuden.co.jp/library/td/pdf/td_service_wheeling_rule-document_disclosure/map/td_09akasaka_map_260730.pdf,2026-08-06
kyushu-regional/kyushu-10ito-260730.pdf,https://www.kyuden.co.jp/library/td/pdf/td_service_wheeling_rule-document_disclosure/map/td_10ito_map_260730.pdf,https://www.kyuden.co.jp/td/service/wheeling/disclosure.html,文件名日期戳260730,2026-08-03,地区送電系統図,51a283cca548b821b869634870064fca50f0f51057ae5bac8b4c178c2b8e6a27,https://web.archive.org/web/20260806094239/https://www.kyuden.co.jp/library/td/pdf/td_service_wheeling_rule-document_disclosure/map/td_10ito_map_260730.pdf,2026-08-06
kyushu-regional/kyushu-11buzen-260730.pdf,https://www.kyuden.co.jp/library/td/pdf/td_service_wheeling_rule-document_disclosure/map/td_11buzen_map_260730.pdf,https://www.kyuden.co.jp/td/service/wheeling/disclosure.html,文件名日期戳260730,2026-08-03,地区送電系統図,ea22c4a1647e88d0e773323b0329d67b4281dd4b411ad4896dd03bbeb5886b70,https://web.archive.org/web/20260806094304/https://www.kyuden.co.jp/library/td/pdf/td_service_wheeling_rule-document_disclosure/map/td_11buzen_map_260730.pdf,2026-08-06
kyushu-regional/kyushu-12chuo-260730.pdf,https://www.kyuden.co.jp/library/td/pdf/td_service_wheeling_rule-document_disclosure/map/td_12chuo_map_260730.pdf,https://www.kyuden.co.jp/td/service/wheeling/disclosure.html,文件名日期戳260730,2026-08-03,地区送電系統図,9734e79c0881a813fb967544e9f56dd721fcf45bfb3ae4f221c82bca6c8018a7,https://web.archive.org/web/20260806094324/https://www.kyuden.co.jp/library/td/pdf/td_service_wheeling_rule-document_disclosure/map/td_12chuo_map_260730.pdf,2026-08-06
kyushu-regional/kyushu-13kurume-260730.pdf,https://www.kyuden.co.jp/library/td/pdf/td_service_wheeling_rule-document_disclosure/map/td_13kurume_map_260730.pdf,https://www.kyuden.co.jp/td/service/wheeling/disclosure.html,文件名日期戳260730,2026-08-03,地区送電系統図,86e23cfe28e05ecfe6c700da79ce6a1be6bf37e7a80db38eae87d5cefc68f39c,https://web.archive.org/web/20260806094344/https://www.kyuden.co.jp/library/td/pdf/td_service_wheeling_rule-document_disclosure/map/td_13kurume_map_260730.pdf,2026-08-06
kyushu-regional/kyushu-14omuta-260730.pdf,https://www.kyuden.co.jp/library/td/pdf/td_service_wheeling_rule-document_disclosure/map/td_14omuta_map_260730.pdf,https://www.kyuden.co.jp/td/service/wheeling/disclosure.html,文件名日期戳260730,2026-08-03,地区送電系統図,fe562b8aba9d79f8435ca0ca367aeb4732efcd78c4c60df4991dd7a1d4a910a2,http://web.archive.org/web/20260806094402/https://www.kyuden.co.jp/library/td/pdf/td_service_wheeling_rule-document_disclosure/map/td_14omuta_map_260730.pdf,2026-08-06
kyushu-regional/kyushu-15oita-260730.pdf,https://www.kyuden.co.jp/library/td/pdf/td_service_wheeling_rule-document_disclosure/map/td_15oita_map_260730.pdf,https://www.kyuden.co.jp/td/service/wheeling/disclosure.html,文件名日期戳260730,2026-08-03,地区送電系統図,d7050a021c262fbaf91b6b4ab66b45bbdafc4cc54a6168e967bc93e1cddc1b3b,https://web.archive.org/web/20260806094423/https://www.kyuden.co.jp/library/td/pdf/td_service_wheeling_rule-document_disclosure/map/td_15oita_map_260730.pdf,2026-08-06
kyushu-regional/kyushu-16hita-260730.pdf,https://www.kyuden.co.jp/library/td/pdf/td_service_wheeling_rule-document_disclosure/map/td_16hita_map_260730.pdf,https://www.kyuden.co.jp/td/service/wheeling/disclosure.html,文件名日期戳260730,2026-08-03,地区送電系統図,ebd41c13d9676db2401bdf7910876bcc1e9a4a47bcf9844ffe95b08ab40da204,https://web.archive.org/web/20260806094442/https://www.kyuden.co.jp/library/td/pdf/td_service_wheeling_rule-document_disclosure/map/td_16hita_map_260730.pdf,2026-08-06
kyushu-regional/kyushu-17saiki-260730.pdf,https://www.kyuden.co.jp/library/td/pdf/td_service_wheeling_rule-document_disclosure/map/td_17saiki_map_260730.pdf,https://www.kyuden.co.jp/td/service/wheeling/disclosure.html,文件名日期戳260730,2026-08-03,地区送電系統図,56a0d70116fb06aeff5b014fe3067c9b84a69d8adafbefa72d17f808793b5dec,http://web.archive.org/web/20260806094501/https://www.kyuden.co.jp/library/td/pdf/td_service_wheeling_rule-document_disclosure/map/td_17saiki_map_260730.pdf,2026-08-06
kyushu-regional/kyushu-18karatsu-260730.pdf,https://www.kyuden.co.jp/library/td/pdf/td_service_wheeling_rule-document_disclosure/map/td_18karatsu_map_260730.pdf,https://www.kyuden.co.jp/td/service/wheeling/disclosure.html,文件名日期戳260730,2026-08-03,地区送電系統図,7b14ab9a25c737ed489e41deb52ba4b4b3f74728896695f416aaea5912492ce2,http://web.archive.org/web/20260806094523/https://www.kyuden.co.jp/library/td/pdf/td_service_wheeling_rule-document_disclosure/map/td_18karatsu_map_260730.pdf,2026-08-06
kyushu-regional/kyushu-19takeo-260730.pdf,https://www.kyuden.co.jp/library/td/pdf/td_service_wheeling_rule-document_disclosure/map/td_19takeo_map_260730.pdf,https://www.kyuden.co.jp/td/service/wheeling/disclosure.html,文件名日期戳260730,2026-08-03,地区送電系統図,274144e1c48376a0077997c9e12c2652133ef0372fe25f731474d435180d1c43,https://web.archive.org/web/20260806094544/https://www.kyuden.co.jp/library/td/pdf/td_service_wheeling_rule-document_disclosure/map/td_19takeo_map_260730.pdf,2026-08-06
kyushu-regional/kyushu-20nagasaki-260730.pdf,https://www.kyuden.co.jp/library/td/pdf/td_service_wheeling_rule-document_disclosure/map/td_20nagasaki_map_260730.pdf,https://www.kyuden.co.jp/td/service/wheeling/disclosure.html,文件名日期戳260730,2026-08-03,地区送電系統図,aa9bb9a55eaa259af93909889bfce08a4165880a4e104ac474e45bcbda4a18c9,https://web.archive.org/web/20260806094603/https://www.kyuden.co.jp/library/td/pdf/td_service_wheeling_rule-document_disclosure/map/td_20nagasaki_map_260730.pdf,2026-08-06
kyushu-regional/kyushu-21isahaya-260730.pdf,https://www.kyuden.co.jp/library/td/pdf/td_service_wheeling_rule-document_disclosure/map/td_21isahaya_map_260730.pdf,https://www.kyuden.co.jp/td/service/wheeling/disclosure.html,文件名日期戳260730,2026-08-03,地区送電系統図,540b3eb0d19620c13d24e454261ca1666974b79972e374c1160f637d045a0513,https://web.archive.org/web/20260806094622/https://www.kyuden.co.jp/library/td/pdf/td_service_wheeling_rule-document_disclosure/map/td_21isahaya_map_260730.pdf,2026-08-06
kyushu-regional/kyushu-22kumamoto-260730.pdf,https://www.kyuden.co.jp/library/td/pdf/td_service_wheeling_rule-document_disclosure/map/td_22kumamoto_map_260730.pdf,https://www.kyuden.co.jp/td/service/wheeling/disclosure.html,文件名日期戳260730,2026-08-03,地区送電系統図,4c89e339b226b8e517d980ce07593c5e38fd810770fe53a484a4d2440bf2d8f9,https://web.archive.org/web/20260806094640/https://www.kyuden.co.jp/library/td/pdf/td_service_wheeling_rule-document_disclosure/map/td_22kumamoto_map_260730.pdf,2026-08-06
kyushu-regional/kyushu-23yatsushiro-260730.pdf,https://www.kyuden.co.jp/library/td/pdf/td_service_wheeling_rule-document_disclosure/map/td_23yatsushiro_map_260730.pdf,https://www.kyuden.co.jp/td/service/wheeling/disclosure.html,文件名日期戳260730,2026-08-03,地区送電系統図,11ce853562d76fe8e1e99666991919f3ebb8ee511b875f97628c04d4c1f9c9bf,http://web.archive.org/web/20260806094712/https://www.kyuden.co.jp/library/td/pdf/td_service_wheeling_rule-document_disclosure/map/td_23yatsushiro_map_260730.pdf,2026-08-06
kyushu-regional/kyushu-24hitoyoshi-260730.pdf,https://www.kyuden.co.jp/library/td/pdf/td_service_wheeling_rule-document_disclosure/map/td_24hitoyoshi_map_260730.pdf,https://www.kyuden.co.jp/td/service/wheeling/disclosure.html,文件名日期戳260730,2026-08-03,地区送電系統図,bfbaded75bfd2e27f26a515c79ff6bd4cd91a88957c4b25fe6034d3d08a297d1,https://web.archive.org/web/20260806094735/https://www.kyuden.co.jp/library/td/pdf/td_service_wheeling_rule-document_disclosure/map/td_24hitoyoshi_map_260730.pdf,2026-08-06
kyushu-regional/kyushu-25hyuga-260730.pdf,https://www.kyuden.co.jp/library/td/pdf/td_service_wheeling_rule-document_disclosure/map/td_25hyuga_map_260730.pdf,https://www.kyuden.co.jp/td/service/wheeling/disclosure.html,文件名日期戳260730,2026-08-03,地区送電系統図,2b780ccc5be1e9889ebeffc0811e3b7364d56ab377d6cff5b4b1b9aa4a9d1336,https://web.archive.org/web/20260806094752/https://www.kyuden.co.jp/library/td/pdf/td_service_wheeling_rule-document_disclosure/map/td_25hyuga_map_260730.pdf,2026-08-06
kyushu-regional/kyushu-26miyazaki-260730.pdf,https://www.kyuden.co.jp/library/td/pdf/td_service_wheeling_rule-document_disclosure/map/td_26miyazaki_map_260730.pdf,https://www.kyuden.co.jp/td/service/wheeling/disclosure.html,文件名日期戳260730,2026-08-03,地区送電系統図,3405b8dba1a1e5b75bfe512f8df42ff4a082b8c2d9f3b4742b6d4ac3fdc012a4,http://web.archive.org/web/20260806094810/https://www.kyuden.co.jp/library/td/pdf/td_service_wheeling_rule-document_disclosure/map/td_26miyazaki_map_260730.pdf,2026-08-06
kyushu-regional/kyushu-27sendai-260730.pdf,https://www.kyuden.co.jp/library/td/pdf/td_service_wheeling_rule-document_disclosure/map/td_27sendai_map_260730.pdf,https://www.kyuden.co.jp/td/service/wheeling/disclosure.html,文件名日期戳260730,2026-08-03,地区送電系統図,42252690731e4d883d50a6d6128c5005f9f47688ae312523027b063821a9f343,,2026-08-06
kyushu-regional/kyushu-28kirishima-260730.pdf,https://www.kyuden.co.jp/library/td/pdf/td_service_wheeling_rule-document_disclosure/map/td_28kirishima_map_260730.pdf,https://www.kyuden.co.jp/td/service/wheeling/disclosure.html,文件名日期戳260730,2026-08-03,地区送電系統図,5555d1571f07869f8d8f15fb1fdf3ebf9391332dfcc90f4d5ad58aa5e32ba172,https://web.archive.org/web/20260806094852/https://www.kyuden.co.jp/library/td/pdf/td_service_wheeling_rule-document_disclosure/map/td_28kirishima_map_260730.pdf,2026-08-06
kyushu-regional/kyushu-29kagoshima-260730.pdf,https://www.kyuden.co.jp/library/td/pdf/td_service_wheeling_rule-document_disclosure/map/td_29kagoshima_map_260730.pdf,https://www.kyuden.co.jp/td/service/wheeling/disclosure.html,文件名日期戳260730,2026-08-03,地区送電系統図,acb364fddb50e4450bb5004b1cdfcd38c61b655e8d74d20bf8195c06497c9bbe,https://web.archive.org/web/20260806094907/https://www.kyuden.co.jp/library/td/pdf/td_service_wheeling_rule-document_disclosure/map/td_29kagoshima_map_260730.pdf,2026-08-06
kyushu-regional/kyushu-30osumi-260730.pdf,https://www.kyuden.co.jp/library/td/pdf/td_service_wheeling_rule-document_disclosure/map/td_30osumi_map_260730.pdf,https://www.kyuden.co.jp/td/service/wheeling/disclosure.html,文件名日期戳260730,2026-08-03,地区送電系統図,872f36ec7ad9e2ba857e5300563237b25c6c20938630baa4ff2c3573d4b8ce4f,http://web.archive.org/web/20260806094923/https://www.kyuden.co.jp/library/td/pdf/td_service_wheeling_rule-document_disclosure/map/td_30osumi_map_260730.pdf,2026-08-06
kyushu-regional/kyushu-31ritou-260730.pdf,https://www.kyuden.co.jp/library/td/pdf/td_service_wheeling_rule-document_disclosure/map/td_31ritou_map_260730.pdf,https://www.kyuden.co.jp/td/service/wheeling/disclosure.html,文件名日期戳260730,2026-08-03,離島地区;实为4页多岛,229a8bfca372bc6cb108d6d26f9b30997999406dc9717a8f2bb500ebaa127d4a,https://web.archive.org/web/20260806094956/https://www.kyuden.co.jp/library/td/pdf/td_service_wheeling_rule-document_disclosure/map/td_31ritou_map_260730.pdf,2026-08-06
okinawa-keitozu-202607.pdf,https://www.okiden.co.jp/shared/pdf/business-support/service/juyo-and-sohaiden/keitouzu1.pdf,https://www.okiden.co.jp/business-support/service/juyo-and-sohaiden/jisseki1/index.html,PDF内文左上「＜系統図（2026年7月）＞」;文件名无日期须开PDF核对,2026-08-03,冲绳全域66/132kV含地中线;站名=数字略号,307274e8b03f23b4f87fad30fc67497ad00cca69816cabc74c1496fcf79d02bc,https://web.archive.org/web/20260806095015/https://www.okiden.co.jp/shared/pdf/business-support/service/juyo-and-sohaiden/keitouzu1.pdf,2026-08-06
okiden/con_res_map01_01.csv,https://www.okiden.co.jp/shared/csv/business-support/service/rule/plan/con_res_map01_01.csv,https://www.okiden.co.jp/business-support/service/rule/plan/index.html,ページ表記「2026年7月21日 更新」／CSV 先頭「2026年6月末時点」,2026-08-05,沖縄電力管内(本島)における空容量マッピングならびに運用容量等一覧表 (132kV線路、66kV線路、変電所)。送電線（132kV/66kV）一覧,,,
okiden/con_res_map01_02.csv,https://www.okiden.co.jp/shared/csv/business-support/service/rule/plan/con_res_map01_02.csv,https://www.okiden.co.jp/business-support/service/rule/plan/index.html,ページ表記「2026年7月21日 更新」／CSV 先頭「2026年6月末時点」,2026-08-05,沖縄電力管内(本島)における空容量マッピングならびに運用容量等一覧表 (132kV線路、66kV線路、変電所)。変電所一覧。★電気所略号→実名の対照表として使用,,,
okiden/con_res_map01_03.csv,https://www.okiden.co.jp/shared/csv/business-support/service/rule/plan/con_res_map01_03.csv,https://www.okiden.co.jp/business-support/service/rule/plan/index.html,ページ表記「2026年7月21日 更新」／CSV 先頭「2026年6月末時点」,2026-08-05,沖縄電力管内(本島)における空容量マッピングならびに運用容量等一覧表 (132kV線路、66kV線路、変電所)。配電用変電所一覧。No 欄が生の n-m 形式で無汚染＝番号復元の検算に使用,,,
